{"cameraMode":{"drawMode":0,"name":"Shaded","section":"Shading Mode"},"sceneLighting":false,"audioPlay":false,"sceneViewState":{"showFog":true,"showMaterialUpdate":false,"showSkybox":false,"showFlares":true,"showImageEffects":true,"showParticleSystems":true},"in2DMode":false,"pivot":{"x":-1.190000057220459,"y":-8.069999694824219,"z":-23.110000610351564},"rotation":{"x":0.14051567018032075,"y":0.01573973521590233,"z":-0.0022341192234307529,"w":0.9899508953094482},"size":4.041658401489258,"orthographic":false}