{"cameraMode":{"drawMode":0,"name":"Shaded","section":"Shading Mode"},"sceneLighting":true,"audioPlay":false,"sceneViewState":{"showFog":true,"showMaterialUpdate":false,"showSkybox":true,"showFlares":true,"showImageEffects":true,"showParticleSystems":true},"in2DMode":false,"pivot":{"x":-0.4700000286102295,"y":-8.279999732971192,"z":-55.0},"rotation":{"x":-0.13012470304965974,"y":0.008933013305068016,"z":-0.0011730613186955453,"w":-0.9914567470550537},"size":12.764341354370118,"orthographic":true}